home_team,away_team,kickoff_utc,stage,venue,home_score,away_score
Mexico,South Africa,2026-06-11T19:00:00Z,Group Stage,"Estadio Azteca, Mexico",,
South Korea,Czechia,2026-06-12T02:00:00Z,Group Stage,"Estadio Akron, Mexico",,
Canada,Bosnia and Herzegovina,2026-06-12T19:00:00Z,Group Stage,"BMO Field, Canada",,
USA,Paraguay,2026-06-13T01:00:00Z,Group Stage,"SoFi Stadium, USA",,
Qatar,Switzerland,2026-06-13T19:00:00Z,Group Stage,"Levi's Stadium, Unknown",,
Brazil,Morocco,2026-06-13T22:00:00Z,Group Stage,"MetLife Stadium, USA",,
Haiti,Scotland,2026-06-14T01:00:00Z,Group Stage,"Gillette Stadium, USA",,
Australia,Trkiye,2026-06-14T04:00:00Z,Group Stage,"BC Place, Canada",,
Germany,Curaao,2026-06-14T17:00:00Z,Group Stage,"NRG Stadium, USA",,
Netherlands,Japan,2026-06-14T20:00:00Z,Group Stage,"AT&T Stadium, USA",,
Ivory Coast,Ecuador,2026-06-14T23:00:00Z,Group Stage,"Lincoln Financial Field, USA",,
Tunisia,Sweden,2026-06-15T02:00:00Z,Group Stage,"Estadio BBVA, Mexico",,
Spain,Cape Verde,2026-06-15T16:00:00Z,Group Stage,"Mercedes-Benz Stadium, USA",,
Belgium,Egypt,2026-06-15T19:00:00Z,Group Stage,"Lumen Field, USA",,
Saudi Arabia,Uruguay,2026-06-15T22:00:00Z,Group Stage,"Hard Rock Stadium, USA",,
Iran,New Zealand,2026-06-16T01:00:00Z,Group Stage,"SoFi Stadium, USA",,
France,Senegal,2026-06-16T19:00:00Z,Group Stage,"MetLife Stadium, USA",,
Norway,Iraq,2026-06-16T22:00:00Z,Group Stage,"Gillette Stadium, USA",,
Argentina,Algeria,2026-06-17T01:00:00Z,Group Stage,"Arrowhead Stadium, USA",,
Austria,Jordan,2026-06-17T04:00:00Z,Group Stage,"Levi's Stadium, Unknown",,
Portugal,DR Congo,2026-06-17T17:00:00Z,Group Stage,"NRG Stadium, USA",,
England,Croatia,2026-06-17T20:00:00Z,Group Stage,"AT&T Stadium, USA",,
Ghana,Panama,2026-06-17T23:00:00Z,Group Stage,"BMO Field, Canada",,
Uzbekistan,Colombia,2026-06-18T02:00:00Z,Group Stage,"Estadio Azteca, Mexico",,
South Africa,Czechia,2026-06-18T16:00:00Z,Group Stage,"Mercedes-Benz Stadium, USA",,
Switzerland,Bosnia and Herzegovina,2026-06-18T19:00:00Z,Group Stage,"SoFi Stadium, USA",,
Canada,Qatar,2026-06-18T22:00:00Z,Group Stage,"BC Place, Canada",,
Mexico,South Korea,2026-06-19T01:00:00Z,Group Stage,"Estadio Akron, Mexico",,
USA,Australia,2026-06-19T19:00:00Z,Group Stage,"Lumen Field, USA",,
Scotland,Morocco,2026-06-19T19:00:00Z,Group Stage,"Gillette Stadium, USA",,
Brazil,Haiti,2026-06-20T01:00:00Z,Group Stage,"Lincoln Financial Field, USA",,
Paraguay,Trkiye,2026-06-20T04:00:00Z,Group Stage,"Levi's Stadium, Unknown",,
Netherlands,Sweden,2026-06-20T17:00:00Z,Group Stage,"NRG Stadium, USA",,
Germany,Ivory Coast,2026-06-20T20:00:00Z,Group Stage,"BMO Field, Canada",,
Ecuador,Curaao,2026-06-21T00:00:00Z,Group Stage,"Arrowhead Stadium, USA",,
Tunisia,Japan,2026-06-21T04:00:00Z,Group Stage,"Estadio BBVA, Mexico",,
Spain,Saudi Arabia,2026-06-21T16:00:00Z,Group Stage,"Mercedes-Benz Stadium, USA",,
Belgium,Iran,2026-06-21T19:00:00Z,Group Stage,"SoFi Stadium, USA",,
Uruguay,Cape Verde,2026-06-21T22:00:00Z,Group Stage,"Hard Rock Stadium, USA",,
New Zealand,Egypt,2026-06-22T01:00:00Z,Group Stage,"BC Place, Canada",,
Argentina,Austria,2026-06-22T17:00:00Z,Group Stage,"AT&T Stadium, USA",,
France,Iraq,2026-06-22T21:00:00Z,Group Stage,"Lincoln Financial Field, USA",,
Norway,Senegal,2026-06-23T00:00:00Z,Group Stage,"MetLife Stadium, USA",,
Jordan,Algeria,2026-06-23T03:00:00Z,Group Stage,"Levi's Stadium, Unknown",,
Portugal,Uzbekistan,2026-06-23T17:00:00Z,Group Stage,"NRG Stadium, USA",,
England,Ghana,2026-06-23T20:00:00Z,Group Stage,"Gillette Stadium, USA",,
Panama,Croatia,2026-06-23T23:00:00Z,Group Stage,"BMO Field, Canada",,
Colombia,DR Congo,2026-06-24T02:00:00Z,Group Stage,"Estadio Akron, Mexico",,
Canada,Switzerland,2026-06-24T19:00:00Z,Group Stage,"BC Place, Canada",,
Qatar,Bosnia and Herzegovina,2026-06-24T19:00:00Z,Group Stage,"Lumen Field, USA",,
Scotland,Brazil,2026-06-24T22:00:00Z,Group Stage,"Hard Rock Stadium, USA",,
Morocco,Haiti,2026-06-24T22:00:00Z,Group Stage,"Mercedes-Benz Stadium, USA",,
Mexico,Czechia,2026-06-25T01:00:00Z,Group Stage,"Estadio Azteca, Mexico",,
South Korea,South Africa,2026-06-25T01:00:00Z,Group Stage,"Estadio BBVA, Mexico",,
Ecuador,Germany,2026-06-25T20:00:00Z,Group Stage,"MetLife Stadium, USA",,
Curaao,Ivory Coast,2026-06-25T20:00:00Z,Group Stage,"Lincoln Financial Field, USA",,
Tunisia,Netherlands,2026-06-25T23:00:00Z,Group Stage,"Arrowhead Stadium, USA",,
Japan,Sweden,2026-06-25T23:00:00Z,Group Stage,"AT&T Stadium, USA",,
USA,Trkiye,2026-06-26T02:00:00Z,Group Stage,"SoFi Stadium, USA",,
Paraguay,Australia,2026-06-26T02:00:00Z,Group Stage,"Levi's Stadium, Unknown",,
Norway,France,2026-06-26T19:00:00Z,Group Stage,"Gillette Stadium, USA",,
Senegal,Iraq,2026-06-26T19:00:00Z,Group Stage,"BMO Field, Canada",,
Uruguay,Spain,2026-06-27T00:00:00Z,Group Stage,"Estadio Akron, Mexico",,
Cape Verde,Saudi Arabia,2026-06-27T00:00:00Z,Group Stage,"NRG Stadium, USA",,
New Zealand,Belgium,2026-06-27T03:00:00Z,Group Stage,"BC Place, Canada",,
Egypt,Iran,2026-06-27T03:00:00Z,Group Stage,"Lumen Field, USA",,
Panama,England,2026-06-27T21:00:00Z,Group Stage,"MetLife Stadium, USA",,
Croatia,Ghana,2026-06-27T21:00:00Z,Group Stage,"Lincoln Financial Field, USA",,
Colombia,Portugal,2026-06-27T23:30:00Z,Group Stage,"Hard Rock Stadium, USA",,
Uzbekistan,DR Congo,2026-06-27T23:30:00Z,Group Stage,"Mercedes-Benz Stadium, USA",,
Jordan,Argentina,2026-06-28T02:00:00Z,Group Stage,"AT&T Stadium, USA",,
Algeria,Austria,2026-06-28T02:00:00Z,Group Stage,"Arrowhead Stadium, USA",,
Group A Second-Place,Group B Second-Place,2026-06-28T19:00:00Z,Round of 32,"SoFi Stadium, USA",,
Group C Winner,Group F Second Place,2026-06-29T17:00:00Z,Round of 32,"NRG Stadium, USA",,
Group E Winner,Group A/B/C/D/F Third Place,2026-06-29T20:30:00Z,Round of 32,"Gillette Stadium, USA",,
Group F Winner,Group C Second Place,2026-06-30T01:00:00Z,Round of 32,"Estadio BBVA, Mexico",,
Group E Second Place,Group I Second Place,2026-06-30T17:00:00Z,Round of 32,"AT&T Stadium, USA",,
Group I Winner,Group C/D/F/G/H Third Place,2026-06-30T21:00:00Z,Round of 32,"MetLife Stadium, USA",,
Group A Winner,Group C/E/F/H/I Third Place,2026-07-01T01:00:00Z,Round of 32,"Estadio Azteca, Mexico",,
Group L Winner,Group E/H/I/J/K Third Place,2026-07-01T16:00:00Z,Round of 32,"Mercedes-Benz Stadium, USA",,
Group G Winner,Group A/E/H/I/J Third Place,2026-07-01T20:00:00Z,Round of 32,"Lumen Field, USA",,
Group D Winner,Group B/E/F/I/J Third Place,2026-07-02T00:00:00Z,Round of 32,"Levi's Stadium, Unknown",,
Group H Winner,Group J Second Place,2026-07-02T19:00:00Z,Round of 32,"SoFi Stadium, USA",,
Group K Second Place,Group L Second Place,2026-07-02T23:00:00Z,Round of 32,"BMO Field, Canada",,
Group B Winner,Group D/E/I/J/L Third Place,2026-07-03T03:00:00Z,Round of 32,"BC Place, Canada",,
Group D Second Place,Group G Second Place,2026-07-03T18:00:00Z,Round of 32,"AT&T Stadium, USA",,
Group J Winner,Group H Second Place,2026-07-03T22:00:00Z,Round of 32,"Hard Rock Stadium, USA",,
Group K Winner,Group D/E/I/J/L Third Place,2026-07-04T01:30:00Z,Round of 32,"Arrowhead Stadium, USA",,
TBD,TBD,2026-07-04T17:00:00Z,Round of 16,"NRG Stadium, USA",,
TBD,TBD,2026-07-04T21:00:00Z,Round of 16,"Lincoln Financial Field, USA",,
TBD,TBD,2026-07-05T20:00:00Z,Round of 16,"MetLife Stadium, USA",,
TBD,TBD,2026-07-06T00:00:00Z,Round of 16,"Estadio Azteca, Mexico",,
TBD,TBD,2026-07-06T19:00:00Z,Round of 16,"AT&T Stadium, USA",,
TBD,TBD,2026-07-07T00:00:00Z,Round of 16,"Lumen Field, USA",,
TBD,TBD,2026-07-07T16:00:00Z,Round of 16,"Mercedes-Benz Stadium, USA",,
TBD,TBD,2026-07-07T20:00:00Z,Round of 16,"BC Place, Canada",,
TBD,TBD,2026-07-09T20:00:00Z,Quarterfinals,"Gillette Stadium, USA",,
TBD,TBD,2026-07-10T19:00:00Z,Quarterfinals,"SoFi Stadium, USA",,
TBD,TBD,2026-07-11T21:00:00Z,Quarterfinals,"Hard Rock Stadium, USA",,
TBD,TBD,2026-07-12T01:00:00Z,Quarterfinals,"Arrowhead Stadium, USA",,
TBD,TBD,2026-07-14T19:00:00Z,Semifinals,"AT&T Stadium, USA",,
TBD,TBD,2026-07-15T19:00:00Z,Semifinals,"Mercedes-Benz Stadium, USA",,
TBD,TBD,2026-07-18T21:00:00Z,Third Place Match,"Hard Rock Stadium, USA",,
TBD,TBD,2026-07-19T19:00:00Z,Final,"MetLife Stadium, USA",,
